timestamp,action,details
2025-09-26 15:50:39,fetch_events,Fetched 0 events
2025-09-26 16:14:52,fetch_events,Fetched 0 events
2025-09-26 16:18:26,fetch_events,Fetched 0 events
2025-09-26 16:18:41,fetch_emails,Fetched 20 emails
2025-09-26 16:25:22,fetch_emails,Fetched 20 emails
2025-09-26 16:25:28,fetch_events,Fetched 0 events
2025-09-26 16:27:53,fetch_events,Fetched 0 events
2025-09-26 16:31:35,fetch_tasks,Fetched 7 tasks
2025-09-26 16:31:58,fetch_events,Fetched 0 events
2025-09-26 16:32:10,fetch_emails,Fetched 20 emails
2025-09-26 16:39:00,fetch_events,Fetched 0 events
2025-09-26 16:39:13,fetch_emails,Fetched 20 emails
2025-09-26 16:39:36,fetch_tasks,Fetched 7 tasks
2025-09-26 16:44:10,fetch_tasks,Fetched 7 tasks
2025-09-26 16:44:20,fetch_events,Fetched 0 events
2025-09-26 16:44:33,fetch_emails,Fetched 20 emails
2025-09-26 16:51:06,fetch_tasks,Fetched 7 tasks
2025-09-26 16:51:26,fetch_events,Fetched 0 events
2025-09-26 16:51:32,fetch_tasks,Fetched 7 tasks
2025-09-26 16:54:26,fetch_tasks,Fetched 7 tasks
2025-09-27 01:46:55,fetch_tasks,Fetched 7 tasks
2025-09-27 01:47:01,fetch_events,Fetched 0 events
2025-09-27 01:47:42,fetch_tasks,Fetched 7 tasks
2025-09-27 01:55:41,fetch_events,Fetched 0 events
2025-09-27 01:57:47,fetch_tasks,Fetched 7 tasks
2025-09-27 03:09:33,fetch_events,Fetched 0 events
2025-09-27 03:11:25,fetch_events,Fetched 0 events
